date,path
"April 15, 2023",apr_15_2023.md
"January 15, 2023",jan_15_2023.md
"January 13, 2023",jan_13_2023.md
"January 7, 2023",jan_7_2023.md
"November 19, 2022",nov_19_2022.md
"November 14, 2022",nov_14_2022.md
"November 12, 2022 - November 13, 2022",nov_12_2022.md
"November 3, 2022",nov_3_2022.md
"October 27, 2022",oct_27_2022.md
"October 24, 2022",oct_24_2022.md
"October 22, 2022",oct_22_2022.md
"October 17, 2022 - October 18, 2022",oct_17_2022.md
"October 16, 2022",oct_16_2022.md
"October 14, 2022",oct_14_2022.md
"October 13, 2022",oct_13_2022.md
"October 12, 2022",oct_12_2022.md
"October 8, 2022",oct_8_2022.md
"October 6, 2022",oct_6_2022.md
"October 2, 2022",oct_2_2022.md
"September 26, 2022",sep_26_2022.md
"September 11, 2022",sep_11_2022.md
"September 10, 2022",sep_10_2022.md
"September 9, 2022",sep_9_2022.md
"September 8, 2022",sep_8_2022.md
"August 3, 2022",aug_3_2022.md
"July 31, 2022",jul_31_2022.md
"July 11, 2022",test.md
"June 30, 2022",jun_30_2022.md
"June 29, 2022",jun_29_2022.md
"June 28, 2022",jun_28_2022.md
"June 27, 2022",jun_27_2022.md
"June 23, 2022",jun_23_2022.md
"January 23, 2022",jan_23_2022.md
"January 22, 2022",jan_22_2022.md
"January 20, 2022",jan_20_2022.md
